{
    "message": "SUCCESS",
    "code": 0,
    "data": [
        {
            "_id": "66e746d1dc265f3d91bda3bc",
            "PO": "6287817000001254388",
            "PO_Desc": "TBL-NMT-002-F24",
            "Original_Quantity": 72,
            "Final_Quantity": 72,
            "Dropped_Quantity": 0,
            "ofertaInicial": "6287817000001254238",
            "ofertaInicial_Desc": "TMB-GP-FW24",
            "Initial_XFD": "TBC",
            "Current_XFD": "12/31/2025",
            "Product": "TB05551R001",
            "Product_Description": "Stormbucks - MID CHELSEA BOOT",
            "Product_Color_Code": "CM605FTM",
            "Product_Color_Description": "Stormbucks Black",
            "Product_Gender": "MALE",
            "Product_Width": "M",
            "Product_Size": "7,5",
            "createdAt": "2024-09-15T20:42:57.642Z",
            "updatedAt": "2024-09-15T20:47:51.889Z",
            "__v": 0
        },
        {
            "_id": "66e746d1dc265f3d91bda3bf",
            "PO": "6287817000001254388",
            "PO_Desc": "TBL-NMT-002-F24",
            "Original_Quantity": 108,
            "Final_Quantity": 108,
            "Dropped_Quantity": 0,
            "ofertaInicial": "6287817000001254238",
            "ofertaInicial_Desc": "TMB-GP-FW24",
            "Initial_XFD": "TBC",
            "Current_XFD": "12/31/2025",
            "Product": "TB05551R001",
            "Product_Description": "Stormbucks - MID CHELSEA BOOT",
            "Product_Color_Code": "CM605FTM",
            "Product_Color_Description": "Stormbucks Black",
            "Product_Gender": "MALE",
            "Product_Width": "M",
            "Product_Size": "8",
            "createdAt": "2024-09-15T20:42:57.945Z",
            "updatedAt": "2024-09-15T20:47:51.892Z",
            "__v": 0
        },
        {
            "_id": "66e746d2dc265f3d91bda3c2",
            "PO": "6287817000001254388",
            "PO_Desc": "TBL-NMT-002-F24",
            "Original_Quantity": 144,
            "Final_Quantity": 144,
            "Dropped_Quantity": 0,
            "ofertaInicial": "6287817000001254238",
            "ofertaInicial_Desc": "TMB-GP-FW24",
            "Initial_XFD": "TBC",
            "Current_XFD": "11/20/2025",
            "Product": "TB05551R001",
            "Product_Description": "Stormbucks - MID CHELSEA BOOT",
            "Product_Color_Code": "CM605FTM",
            "Product_Color_Description": "Stormbucks Black",
            "Product_Gender": "MALE",
            "Product_Width": "M",
            "Product_Size": "8,5",
            "createdAt": "2024-09-15T20:42:58.246Z",
            "updatedAt": "2024-09-15T20:47:51.896Z",
            "__v": 0
        },
        {
            "_id": "66e746d2dc265f3d91bda3c5",
            "PO": "6287817000001254388",
            "PO_Desc": "TBL-NMT-002-F24",
            "Original_Quantity": 144,
            "Final_Quantity": 144,
            "Dropped_Quantity": 0,
            "ofertaInicial": "6287817000001254238",
            "ofertaInicial_Desc": "TMB-GP-FW24",
            "Initial_XFD": "TBC",
            "Current_XFD": "TBC",
            "Product": "TB05551R001",
            "Product_Description": "Stormbucks - MID CHELSEA BOOT",
            "Product_Color_Code": "CM605FTM",
            "Product_Color_Description": "Stormbucks Black",
            "Product_Gender": "MALE",
            "Product_Width": "M",
            "Product_Size": "9",
            "createdAt": "2024-09-15T20:42:58.555Z",
            "updatedAt": "2024-09-15T20:47:51.898Z",
            "__v": 0
        },
        {
            "_id": "66e746d2dc265f3d91bda3c8",
            "PO": "6287817000001254388",
            "PO_Desc": "TBL-NMT-002-F24",
            "Original_Quantity": 144,
            "Final_Quantity": 144,
            "Dropped_Quantity": 0,
            "ofertaInicial": "6287817000001254238",
            "ofertaInicial_Desc": "TMB-GP-FW24",
            "Initial_XFD": "TBC",
            "Current_XFD": "TBC",
            "Product": "TB05551R001",
            "Product_Description": "Stormbucks - MID CHELSEA BOOT",
            "Product_Color_Code": "CM605FTM",
            "Product_Color_Description": "Stormbucks Black",
            "Product_Gender": "MALE",
            "Product_Width": "M",
            "Product_Size": "9,5",
            "createdAt": "2024-09-15T20:42:58.859Z",
            "updatedAt": "2024-09-15T20:47:51.901Z",
            "__v": 0
        },
        {
            "_id": "66e746d3dc265f3d91bda3cb",
            "PO": "6287817000001254388",
            "PO_Desc": "TBL-NMT-002-F24",
            "Original_Quantity": 144,
            "Final_Quantity": 144,
            "Dropped_Quantity": 0,
            "ofertaInicial": "6287817000001254238",
            "ofertaInicial_Desc": "TMB-GP-FW24",
            "Initial_XFD": "TBC",
            "Current_XFD": "TBC",
            "Product": "TB05551R001",
            "Product_Description": "Stormbucks - MID CHELSEA BOOT",
            "Product_Color_Code": "CM605FTM",
            "Product_Color_Description": "Stormbucks Black",
            "Product_Gender": "MALE",
            "Product_Width": "M",
            "Product_Size": "10",
            "createdAt": "2024-09-15T20:42:59.161Z",
            "updatedAt": "2024-09-15T20:47:51.903Z",
            "__v": 0
        },
        {
            "_id": "66e746d3dc265f3d91bda3ce",
            "PO": "6287817000001254388",
            "PO_Desc": "TBL-NMT-002-F24",
            "Original_Quantity": 144,
            "Final_Quantity": 144,
            "Dropped_Quantity": 0,
            "ofertaInicial": "6287817000001254238",
            "ofertaInicial_Desc": "TMB-GP-FW24",
            "Initial_XFD": "TBC",
            "Current_XFD": "TBC",
            "Product": "TB05551R001",
            "Product_Description": "Stormbucks - MID CHELSEA BOOT",
            "Product_Color_Code": "CM605FTM",
            "Product_Color_Description": "Stormbucks Black",
            "Product_Gender": "MALE",
            "Product_Width": "M",
            "Product_Size": "10,5",
            "createdAt": "2024-09-15T20:42:59.467Z",
            "updatedAt": "2024-09-15T20:47:51.906Z",
            "__v": 0
        },
        {
            "_id": "66e746d3dc265f3d91bda3d1",
            "PO": "6287817000001254388",
            "PO_Desc": "TBL-NMT-002-F24",
            "Original_Quantity": 144,
            "Final_Quantity": 144,
            "Dropped_Quantity": 0,
            "ofertaInicial": "6287817000001254238",
            "ofertaInicial_Desc": "TMB-GP-FW24",
            "Initial_XFD": "TBC",
            "Current_XFD": "TBC",
            "Product": "TB05551R001",
            "Product_Description": "Stormbucks - MID CHELSEA BOOT",
            "Product_Color_Code": "CM605FTM",
            "Product_Color_Description": "Stormbucks Black",
            "Product_Gender": "MALE",
            "Product_Width": "M",
            "Product_Size": "11",
            "createdAt": "2024-09-15T20:42:59.776Z",
            "updatedAt": "2024-09-15T20:47:51.908Z",
            "__v": 0
        },
        {
            "_id": "66e746d4dc265f3d91bda3d4",
            "PO": "6287817000001254388",
            "PO_Desc": "TBL-NMT-002-F24",
            "Original_Quantity": 72,
            "Final_Quantity": 72,
            "Dropped_Quantity": 0,
            "ofertaInicial": "6287817000001254238",
            "ofertaInicial_Desc": "TMB-GP-FW24",
            "Initial_XFD": "TBC",
            "Current_XFD": "TBC",
            "Product": "TB05551R001",
            "Product_Description": "Stormbucks - MID CHELSEA BOOT",
            "Product_Color_Code": "CM605FTM",
            "Product_Color_Description": "Stormbucks Black",
            "Product_Gender": "MALE",
            "Product_Width": "M",
            "Product_Size": "11,5",
            "createdAt": "2024-09-15T20:43:00.075Z",
            "updatedAt": "2024-09-15T20:47:51.911Z",
            "__v": 0
        },
        {
            "_id": "66e746d4dc265f3d91bda3d7",
            "PO": "6287817000001254388",
            "PO_Desc": "TBL-NMT-002-F24",
            "Original_Quantity": 72,
            "Final_Quantity": 72,
            "Dropped_Quantity": 0,
            "ofertaInicial": "6287817000001254238",
            "ofertaInicial_Desc": "TMB-GP-FW24",
            "Initial_XFD": "TBC",
            "Current_XFD": "TBC",
            "Product": "TB05551R001",
            "Product_Description": "Stormbucks - MID CHELSEA BOOT",
            "Product_Color_Code": "CM605FTM",
            "Product_Color_Description": "Stormbucks Black",
            "Product_Gender": "MALE",
            "Product_Width": "M",
            "Product_Size": "12",
            "createdAt": "2024-09-15T20:43:00.377Z",
            "updatedAt": "2024-09-15T20:47:51.913Z",
            "__v": 0
        },
        {
            "_id": "66e746d4dc265f3d91bda3da",
            "PO": "6287817000001254388",
            "PO_Desc": "TBL-NMT-002-F24",
            "Original_Quantity": 72,
            "Final_Quantity": 72,
            "Dropped_Quantity": 0,
            "ofertaInicial": "6287817000001254238",
            "ofertaInicial_Desc": "TMB-GP-FW24",
            "Initial_XFD": "TBC",
            "Current_XFD": "TBC",
            "Product": "TB05551R001",
            "Product_Description": "Stormbucks - MID CHELSEA BOOT",
            "Product_Color_Code": "CM605FTM",
            "Product_Color_Description": "Stormbucks Black",
            "Product_Gender": "MALE",
            "Product_Width": "M",
            "Product_Size": "13",
            "createdAt": "2024-09-15T20:43:00.683Z",
            "updatedAt": "2024-09-15T20:47:51.915Z",
            "__v": 0
        },
        {
            "_id": "66e746d4dc265f3d91bda3dd",
            "PO": "6287817000001254388",
            "PO_Desc": "TBL-NMT-002-F24",
            "Original_Quantity": 72,
            "Final_Quantity": 72,
            "Dropped_Quantity": 0,
            "ofertaInicial": "6287817000001254238",
            "ofertaInicial_Desc": "TMB-GP-FW24",
            "Initial_XFD": "TBC",
            "Current_XFD": "TBC",
            "Product": "TB05552R242",
            "Product_Description": "Stormbucks - MID CHELSEA BOOT",
            "Product_Color_Code": "CM605FTM",
            "Product_Color_Description": "Stormbucks Dark Brown",
            "Product_Gender": "MALE",
            "Product_Width": "M",
            "Product_Size": "7,5",
            "createdAt": "2024-09-15T20:43:00.984Z",
            "updatedAt": "2024-09-15T20:47:51.918Z",
            "__v": 0
        },
        {
            "_id": "66e746d5dc265f3d91bda3e0",
            "PO": "6287817000001254388",
            "PO_Desc": "TBL-NMT-002-F24",
            "Original_Quantity": 108,
            "Final_Quantity": 108,
            "Dropped_Quantity": 0,
            "ofertaInicial": "6287817000001254238",
            "ofertaInicial_Desc": "TMB-GP-FW24",
            "Initial_XFD": "TBC",
            "Current_XFD": "TBC",
            "Product": "TB05552R242",
            "Product_Description": "Stormbucks - MID CHELSEA BOOT",
            "Product_Color_Code": "CM605FTM",
            "Product_Color_Description": "Stormbucks Dark Brown",
            "Product_Gender": "MALE",
            "Product_Width": "M",
            "Product_Size": "8",
            "createdAt": "2024-09-15T20:43:01.282Z",
            "updatedAt": "2024-09-15T20:47:51.920Z",
            "__v": 0
        },
        {
            "_id": "66e746d5dc265f3d91bda3e3",
            "PO": "6287817000001254388",
            "PO_Desc": "TBL-NMT-002-F24",
            "Original_Quantity": 144,
            "Final_Quantity": 144,
            "Dropped_Quantity": 0,
            "ofertaInicial": "6287817000001254238",
            "ofertaInicial_Desc": "TMB-GP-FW24",
            "Initial_XFD": "TBC",
            "Current_XFD": "TBC",
            "Product": "TB05552R242",
            "Product_Description": "Stormbucks - MID CHELSEA BOOT",
            "Product_Color_Code": "CM605FTM",
            "Product_Color_Description": "Stormbucks Dark Brown",
            "Product_Gender": "MALE",
            "Product_Width": "M",
            "Product_Size": "8,5",
            "createdAt": "2024-09-15T20:43:01.585Z",
            "updatedAt": "2024-09-15T20:47:51.923Z",
            "__v": 0
        },
        {
            "_id": "66e746d5dc265f3d91bda3e6",
            "PO": "6287817000001254388",
            "PO_Desc": "TBL-NMT-002-F24",
            "Original_Quantity": 144,
            "Final_Quantity": 144,
            "Dropped_Quantity": 0,
            "ofertaInicial": "6287817000001254238",
            "ofertaInicial_Desc": "TMB-GP-FW24",
            "Initial_XFD": "TBC",
            "Current_XFD": "TBC",
            "Product": "TB05552R242",
            "Product_Description": "Stormbucks - MID CHELSEA BOOT",
            "Product_Color_Code": "CM605FTM",
            "Product_Color_Description": "Stormbucks Dark Brown",
            "Product_Gender": "MALE",
            "Product_Width": "M",
            "Product_Size": "9",
            "createdAt": "2024-09-15T20:43:01.887Z",
            "updatedAt": "2024-09-15T20:47:51.933Z",
            "__v": 0
        },
        {
            "_id": "66e746d6dc265f3d91bda3e9",
            "PO": "6287817000001254388",
            "PO_Desc": "TBL-NMT-002-F24",
            "Original_Quantity": 144,
            "Final_Quantity": 144,
            "Dropped_Quantity": 0,
            "ofertaInicial": "6287817000001254238",
            "ofertaInicial_Desc": "TMB-GP-FW24",
            "Initial_XFD": "TBC",
            "Current_XFD": "TBC",
            "Product": "TB05552R242",
            "Product_Description": "Stormbucks - MID CHELSEA BOOT",
            "Product_Color_Code": "CM605FTM",
            "Product_Color_Description": "Stormbucks Dark Brown",
            "Product_Gender": "MALE",
            "Product_Width": "M",
            "Product_Size": "9,5",
            "createdAt": "2024-09-15T20:43:02.197Z",
            "updatedAt": "2024-09-15T20:47:51.939Z",
            "__v": 0
        },
        {
            "_id": "66e746d6dc265f3d91bda3ec",
            "PO": "6287817000001254388",
            "PO_Desc": "TBL-NMT-002-F24",
            "Original_Quantity": 144,
            "Final_Quantity": 144,
            "Dropped_Quantity": 0,
            "ofertaInicial": "6287817000001254238",
            "ofertaInicial_Desc": "TMB-GP-FW24",
            "Initial_XFD": "TBC",
            "Current_XFD": "TBC",
            "Product": "TB05552R242",
            "Product_Description": "Stormbucks - MID CHELSEA BOOT",
            "Product_Color_Code": "CM605FTM",
            "Product_Color_Description": "Stormbucks Dark Brown",
            "Product_Gender": "MALE",
            "Product_Width": "M",
            "Product_Size": "10",
            "createdAt": "2024-09-15T20:43:02.499Z",
            "updatedAt": "2024-09-15T20:47:51.943Z",
            "__v": 0
        },
        {
            "_id": "66e746d6dc265f3d91bda3ef",
            "PO": "6287817000001254388",
            "PO_Desc": "TBL-NMT-002-F24",
            "Original_Quantity": 144,
            "Final_Quantity": 144,
            "Dropped_Quantity": 0,
            "ofertaInicial": "6287817000001254238",
            "ofertaInicial_Desc": "TMB-GP-FW24",
            "Initial_XFD": "TBC",
            "Current_XFD": "TBC",
            "Product": "TB05552R242",
            "Product_Description": "Stormbucks - MID CHELSEA BOOT",
            "Product_Color_Code": "CM605FTM",
            "Product_Color_Description": "Stormbucks Dark Brown",
            "Product_Gender": "MALE",
            "Product_Width": "M",
            "Product_Size": "10,5",
            "createdAt": "2024-09-15T20:43:02.798Z",
            "updatedAt": "2024-09-15T20:47:51.948Z",
            "__v": 0
        },
        {
            "_id": "66e746d7dc265f3d91bda3f2",
            "PO": "6287817000001254388",
            "PO_Desc": "TBL-NMT-002-F24",
            "Original_Quantity": 144,
            "Final_Quantity": 144,
            "Dropped_Quantity": 0,
            "ofertaInicial": "6287817000001254238",
            "ofertaInicial_Desc": "TMB-GP-FW24",
            "Initial_XFD": "TBC",
            "Current_XFD": "TBC",
            "Product": "TB05552R242",
            "Product_Description": "Stormbucks - MID CHELSEA BOOT",
            "Product_Color_Code": "CM605FTM",
            "Product_Color_Description": "Stormbucks Dark Brown",
            "Product_Gender": "MALE",
            "Product_Width": "M",
            "Product_Size": "11",
            "createdAt": "2024-09-15T20:43:03.100Z",
            "updatedAt": "2024-09-15T20:47:51.951Z",
            "__v": 0
        },
        {
            "_id": "66e746d7dc265f3d91bda3f5",
            "PO": "6287817000001254388",
            "PO_Desc": "TBL-NMT-002-F24",
            "Original_Quantity": 72,
            "Final_Quantity": 72,
            "Dropped_Quantity": 0,
            "ofertaInicial": "6287817000001254238",
            "ofertaInicial_Desc": "TMB-GP-FW24",
            "Initial_XFD": "TBC",
            "Current_XFD": "TBC",
            "Product": "TB05552R242",
            "Product_Description": "Stormbucks - MID CHELSEA BOOT",
            "Product_Color_Code": "CM605FTM",
            "Product_Color_Description": "Stormbucks Dark Brown",
            "Product_Gender": "MALE",
            "Product_Width": "M",
            "Product_Size": "11,5",
            "createdAt": "2024-09-15T20:43:03.405Z",
            "updatedAt": "2024-09-15T20:47:51.953Z",
            "__v": 0
        },
        {
            "_id": "66e746d7dc265f3d91bda3f8",
            "PO": "6287817000001254388",
            "PO_Desc": "TBL-NMT-002-F24",
            "Original_Quantity": 72,
            "Final_Quantity": 72,
            "Dropped_Quantity": 0,
            "ofertaInicial": "6287817000001254238",
            "ofertaInicial_Desc": "TMB-GP-FW24",
            "Initial_XFD": "TBC",
            "Current_XFD": "TBC",
            "Product": "TB05552R242",
            "Product_Description": "Stormbucks - MID CHELSEA BOOT",
            "Product_Color_Code": "CM605FTM",
            "Product_Color_Description": "Stormbucks Dark Brown",
            "Product_Gender": "MALE",
            "Product_Width": "M",
            "Product_Size": "12",
            "createdAt": "2024-09-15T20:43:03.710Z",
            "updatedAt": "2024-09-15T20:47:51.956Z",
            "__v": 0
        },
        {
            "_id": "66e746d8dc265f3d91bda3fb",
            "PO": "6287817000001254388",
            "PO_Desc": "TBL-NMT-002-F24",
            "Original_Quantity": 72,
            "Final_Quantity": 72,
            "Dropped_Quantity": 0,
            "ofertaInicial": "6287817000001254238",
            "ofertaInicial_Desc": "TMB-GP-FW24",
            "Initial_XFD": "TBC",
            "Current_XFD": "TBC",
            "Product": "TB05552R242",
            "Product_Description": "Stormbucks - MID CHELSEA BOOT",
            "Product_Color_Code": "CM605FTM",
            "Product_Color_Description": "Stormbucks Dark Brown",
            "Product_Gender": "MALE",
            "Product_Width": "M",
            "Product_Size": "13",
            "createdAt": "2024-09-15T20:43:04.018Z",
            "updatedAt": "2024-09-15T20:47:51.958Z",
            "__v": 0
        },
        {
            "_id": "66e746cddc265f3d91bda39b",
            "PO": "6287817000001254388",
            "PO_Desc": "TBL-NMT-002-F24",
            "Original_Quantity": 72,
            "Final_Quantity": 72,
            "Dropped_Quantity": 0,
            "ofertaInicial": "6287817000001254238",
            "ofertaInicial_Desc": "TMB-GP-FW24",
            "Initial_XFD": "TBC",
            "Current_XFD": "TBC",
            "Product": "TB110001214",
            "Product_Description": "Timberland Premium - 6 IN LACE WATERPROOF BOOT",
            "Product_Color_Code": "110001",
            "Product_Color_Description": "Timberland Premium Brown",
            "Product_Gender": "MALE",
            "Product_Width": "M",
            "Product_Size": "7,5",
            "createdAt": "2024-09-15T20:42:53.979Z",
            "updatedAt": "2024-09-15T20:47:51.847Z",
            "__v": 0
        },
        {
            "_id": "66e746cedc265f3d91bda39e",
            "PO": "6287817000001254388",
            "PO_Desc": "TBL-NMT-002-F24",
            "Original_Quantity": 108,
            "Final_Quantity": 108,
            "Dropped_Quantity": 0,
            "ofertaInicial": "6287817000001254238",
            "ofertaInicial_Desc": "TMB-GP-FW24",
            "Initial_XFD": "TBC",
            "Current_XFD": "TBC",
            "Product": "TB110001214",
            "Product_Description": "Timberland Premium - 6 IN LACE WATERPROOF BOOT",
            "Product_Color_Code": "110001",
            "Product_Color_Description": "Timberland Premium Brown",
            "Product_Gender": "MALE",
            "Product_Width": "M",
            "Product_Size": "8",
            "createdAt": "2024-09-15T20:42:54.283Z",
            "updatedAt": "2024-09-15T20:47:51.850Z",
            "__v": 0
        },
        {
            "_id": "66e746cedc265f3d91bda3a1",
            "PO": "6287817000001254388",
            "PO_Desc": "TBL-NMT-002-F24",
            "Original_Quantity": 144,
            "Final_Quantity": 144,
            "Dropped_Quantity": 0,
            "ofertaInicial": "6287817000001254238",
            "ofertaInicial_Desc": "TMB-GP-FW24",
            "Initial_XFD": "TBC",
            "Current_XFD": "TBC",
            "Product": "TB110001214",
            "Product_Description": "Timberland Premium - 6 IN LACE WATERPROOF BOOT",
            "Product_Color_Code": "110001",
            "Product_Color_Description": "Timberland Premium Brown",
            "Product_Gender": "MALE",
            "Product_Width": "M",
            "Product_Size": "8,5",
            "createdAt": "2024-09-15T20:42:54.581Z",
            "updatedAt": "2024-09-15T20:47:51.854Z",
            "__v": 0
        },
        {
            "_id": "66e746cedc265f3d91bda3a4",
            "PO": "6287817000001254388",
            "PO_Desc": "TBL-NMT-002-F24",
            "Original_Quantity": 144,
            "Final_Quantity": 144,
            "Dropped_Quantity": 0,
            "ofertaInicial": "6287817000001254238",
            "ofertaInicial_Desc": "TMB-GP-FW24",
            "Initial_XFD": "TBC",
            "Current_XFD": "TBC",
            "Product": "TB110001214",
            "Product_Description": "Timberland Premium - 6 IN LACE WATERPROOF BOOT",
            "Product_Color_Code": "110001",
            "Product_Color_Description": "Timberland Premium Brown",
            "Product_Gender": "MALE",
            "Product_Width": "M",
            "Product_Size": "9",
            "createdAt": "2024-09-15T20:42:54.883Z",
            "updatedAt": "2024-09-15T20:47:51.857Z",
            "__v": 0
        },
        {
            "_id": "66e746cfdc265f3d91bda3a7",
            "PO": "6287817000001254388",
            "PO_Desc": "TBL-NMT-002-F24",
            "Original_Quantity": 144,
            "Final_Quantity": 144,
            "Dropped_Quantity": 0,
            "ofertaInicial": "6287817000001254238",
            "ofertaInicial_Desc": "TMB-GP-FW24",
            "Initial_XFD": "TBC",
            "Current_XFD": "TBC",
            "Product": "TB110001214",
            "Product_Description": "Timberland Premium - 6 IN LACE WATERPROOF BOOT",
            "Product_Color_Code": "110001",
            "Product_Color_Description": "Timberland Premium Brown",
            "Product_Gender": "MALE",
            "Product_Width": "M",
            "Product_Size": "9,5",
            "createdAt": "2024-09-15T20:42:55.186Z",
            "updatedAt": "2024-09-15T20:47:51.860Z",
            "__v": 0
        },
        {
            "_id": "66e746cfdc265f3d91bda3aa",
            "PO": "6287817000001254388",
            "PO_Desc": "TBL-NMT-002-F24",
            "Original_Quantity": 144,
            "Final_Quantity": 144,
            "Dropped_Quantity": 0,
            "ofertaInicial": "6287817000001254238",
            "ofertaInicial_Desc": "TMB-GP-FW24",
            "Initial_XFD": "TBC",
            "Current_XFD": "TBC",
            "Product": "TB110001214",
            "Product_Description": "Timberland Premium - 6 IN LACE WATERPROOF BOOT",
            "Product_Color_Code": "110001",
            "Product_Color_Description": "Timberland Premium Brown",
            "Product_Gender": "MALE",
            "Product_Width": "M",
            "Product_Size": "10",
            "createdAt": "2024-09-15T20:42:55.487Z",
            "updatedAt": "2024-09-15T20:47:51.864Z",
            "__v": 0
        },
        {
            "_id": "66e746cfdc265f3d91bda3ad",
            "PO": "6287817000001254388",
            "PO_Desc": "TBL-NMT-002-F24",
            "Original_Quantity": 144,
            "Final_Quantity": 144,
            "Dropped_Quantity": 0,
            "ofertaInicial": "6287817000001254238",
            "ofertaInicial_Desc": "TMB-GP-FW24",
            "Initial_XFD": "TBC",
            "Current_XFD": "TBC",
            "Product": "TB110001214",
            "Product_Description": "Timberland Premium - 6 IN LACE WATERPROOF BOOT",
            "Product_Color_Code": "110001",
            "Product_Color_Description": "Timberland Premium Brown",
            "Product_Gender": "MALE",
            "Product_Width": "M",
            "Product_Size": "10,5",
            "createdAt": "2024-09-15T20:42:55.785Z",
            "updatedAt": "2024-09-15T20:47:51.872Z",
            "__v": 0
        },
        {
            "_id": "66e746d0dc265f3d91bda3b0",
            "PO": "6287817000001254388",
            "PO_Desc": "TBL-NMT-002-F24",
            "Original_Quantity": 144,
            "Final_Quantity": 144,
            "Dropped_Quantity": 0,
            "ofertaInicial": "6287817000001254238",
            "ofertaInicial_Desc": "TMB-GP-FW24",
            "Initial_XFD": "TBC",
            "Current_XFD": "TBC",
            "Product": "TB110001214",
            "Product_Description": "Timberland Premium - 6 IN LACE WATERPROOF BOOT",
            "Product_Color_Code": "110001",
            "Product_Color_Description": "Timberland Premium Brown",
            "Product_Gender": "MALE",
            "Product_Width": "M",
            "Product_Size": "11",
            "createdAt": "2024-09-15T20:42:56.085Z",
            "updatedAt": "2024-09-15T20:47:51.876Z",
            "__v": 0
        },
        {
            "_id": "66e746d0dc265f3d91bda3b3",
            "PO": "6287817000001254388",
            "PO_Desc": "TBL-NMT-002-F24",
            "Original_Quantity": 72,
            "Final_Quantity": 72,
            "Dropped_Quantity": 0,
            "ofertaInicial": "6287817000001254238",
            "ofertaInicial_Desc": "TMB-GP-FW24",
            "Initial_XFD": "TBC",
            "Current_XFD": "TBC",
            "Product": "TB110001214",
            "Product_Description": "Timberland Premium - 6 IN LACE WATERPROOF BOOT",
            "Product_Color_Code": "110001",
            "Product_Color_Description": "Timberland Premium Brown",
            "Product_Gender": "MALE",
            "Product_Width": "M",
            "Product_Size": "11,5",
            "createdAt": "2024-09-15T20:42:56.386Z",
            "updatedAt": "2024-09-15T20:47:51.880Z",
            "__v": 0
        },
        {
            "_id": "66e746d0dc265f3d91bda3b6",
            "PO": "6287817000001254388",
            "PO_Desc": "TBL-NMT-002-F24",
            "Original_Quantity": 72,
            "Final_Quantity": 72,
            "Dropped_Quantity": 0,
            "ofertaInicial": "6287817000001254238",
            "ofertaInicial_Desc": "TMB-GP-FW24",
            "Initial_XFD": "TBC",
            "Current_XFD": "TBC",
            "Product": "TB110001214",
            "Product_Description": "Timberland Premium - 6 IN LACE WATERPROOF BOOT",
            "Product_Color_Code": "110001",
            "Product_Color_Description": "Timberland Premium Brown",
            "Product_Gender": "MALE",
            "Product_Width": "M",
            "Product_Size": "12",
            "createdAt": "2024-09-15T20:42:56.689Z",
            "updatedAt": "2024-09-15T20:47:51.883Z",
            "__v": 0
        },
        {
            "_id": "66e746d0dc265f3d91bda3b9",
            "PO": "6287817000001254388",
            "PO_Desc": "TBL-NMT-002-F24",
            "Original_Quantity": 72,
            "Final_Quantity": 72,
            "Dropped_Quantity": 0,
            "ofertaInicial": "6287817000001254238",
            "ofertaInicial_Desc": "TMB-GP-FW24",
            "Initial_XFD": "TBC",
            "Current_XFD": "TBC",
            "Product": "TB110001214",
            "Product_Description": "Timberland Premium - 6 IN LACE WATERPROOF BOOT",
            "Product_Color_Code": "110001",
            "Product_Color_Description": "Timberland Premium Brown",
            "Product_Gender": "MALE",
            "Product_Width": "M",
            "Product_Size": "13",
            "createdAt": "2024-09-15T20:42:56.992Z",
            "updatedAt": "2024-09-15T20:47:51.886Z",
            "__v": 0
        },
        {
            "_id": "66e746c6dc265f3d91bda359",
            "PO": "6287817000001254388",
            "PO_Desc": "TBL-NMT-002-F24",
            "Original_Quantity": 54,
            "Final_Quantity": 54,
            "Dropped_Quantity": 0,
            "ofertaInicial": "6287817000001254238",
            "ofertaInicial_Desc": "TMB-GP-FW24",
            "Initial_XFD": "TBC",
            "Current_XFD": "TBC",
            "Product": "TB150059001",
            "Product_Description": "TBL 1973 Newman - MID LACE WATERPROOF BOOT",
            "Product_Color_Code": "150059",
            "Product_Color_Description": "TBL 1973 Newman Black",
            "Product_Gender": "MALE",
            "Product_Width": "M",
            "Product_Size": "7,5",
            "createdAt": "2024-09-15T20:42:46.518Z",
            "updatedAt": "2024-09-15T20:47:51.746Z",
            "__v": 0
        },
        {
            "_id": "66e746c6dc265f3d91bda35c",
            "PO": "6287817000001254388",
            "PO_Desc": "TBL-NMT-002-F24",
            "Original_Quantity": 72,
            "Final_Quantity": 72,
            "Dropped_Quantity": 0,
            "ofertaInicial": "6287817000001254238",
            "ofertaInicial_Desc": "TMB-GP-FW24",
            "Initial_XFD": "TBC",
            "Current_XFD": "TBC",
            "Product": "TB150059001",
            "Product_Description": "TBL 1973 Newman - MID LACE WATERPROOF BOOT",
            "Product_Color_Code": "150059",
            "Product_Color_Description": "TBL 1973 Newman Black",
            "Product_Gender": "MALE",
            "Product_Width": "M",
            "Product_Size": "8",
            "createdAt": "2024-09-15T20:42:46.827Z",
            "updatedAt": "2024-09-15T20:47:51.750Z",
            "__v": 0
        },
        {
            "_id": "66e746c7dc265f3d91bda35f",
            "PO": "6287817000001254388",
            "PO_Desc": "TBL-NMT-002-F24",
            "Original_Quantity": 72,
            "Final_Quantity": 72,
            "Dropped_Quantity": 0,
            "ofertaInicial": "6287817000001254238",
            "ofertaInicial_Desc": "TMB-GP-FW24",
            "Initial_XFD": "TBC",
            "Current_XFD": "TBC",
            "Product": "TB150059001",
            "Product_Description": "TBL 1973 Newman - MID LACE WATERPROOF BOOT",
            "Product_Color_Code": "150059",
            "Product_Color_Description": "TBL 1973 Newman Black",
            "Product_Gender": "MALE",
            "Product_Width": "M",
            "Product_Size": "8,5",
            "createdAt": "2024-09-15T20:42:47.129Z",
            "updatedAt": "2024-09-15T20:47:51.753Z",
            "__v": 0
        },
        {
            "_id": "66e746c7dc265f3d91bda362",
            "PO": "6287817000001254388",
            "PO_Desc": "TBL-NMT-002-F24",
            "Original_Quantity": 72,
            "Final_Quantity": 72,
            "Dropped_Quantity": 0,
            "ofertaInicial": "6287817000001254238",
            "ofertaInicial_Desc": "TMB-GP-FW24",
            "Initial_XFD": "TBC",
            "Current_XFD": "TBC",
            "Product": "TB150059001",
            "Product_Description": "TBL 1973 Newman - MID LACE WATERPROOF BOOT",
            "Product_Color_Code": "150059",
            "Product_Color_Description": "TBL 1973 Newman Black",
            "Product_Gender": "MALE",
            "Product_Width": "M",
            "Product_Size": "9",
            "createdAt": "2024-09-15T20:42:47.440Z",
            "updatedAt": "2024-09-15T20:47:51.757Z",
            "__v": 0
        },
        {
            "_id": "66e746c7dc265f3d91bda365",
            "PO": "6287817000001254388",
            "PO_Desc": "TBL-NMT-002-F24",
            "Original_Quantity": 72,
            "Final_Quantity": 72,
            "Dropped_Quantity": 0,
            "ofertaInicial": "6287817000001254238",
            "ofertaInicial_Desc": "TMB-GP-FW24",
            "Initial_XFD": "TBC",
            "Current_XFD": "TBC",
            "Product": "TB150059001",
            "Product_Description": "TBL 1973 Newman - MID LACE WATERPROOF BOOT",
            "Product_Color_Code": "150059",
            "Product_Color_Description": "TBL 1973 Newman Black",
            "Product_Gender": "MALE",
            "Product_Width": "M",
            "Product_Size": "9,5",
            "createdAt": "2024-09-15T20:42:47.740Z",
            "updatedAt": "2024-09-15T20:47:51.762Z",
            "__v": 0
        },
        {
            "_id": "66e746c8dc265f3d91bda368",
            "PO": "6287817000001254388",
            "PO_Desc": "TBL-NMT-002-F24",
            "Original_Quantity": 72,
            "Final_Quantity": 72,
            "Dropped_Quantity": 0,
            "ofertaInicial": "6287817000001254238",
            "ofertaInicial_Desc": "TMB-GP-FW24",
            "Initial_XFD": "TBC",
            "Current_XFD": "TBC",
            "Product": "TB150059001",
            "Product_Description": "TBL 1973 Newman - MID LACE WATERPROOF BOOT",
            "Product_Color_Code": "150059",
            "Product_Color_Description": "TBL 1973 Newman Black",
            "Product_Gender": "MALE",
            "Product_Width": "M",
            "Product_Size": "10",
            "createdAt": "2024-09-15T20:42:48.041Z",
            "updatedAt": "2024-09-15T20:47:51.769Z",
            "__v": 0
        },
        {
            "_id": "66e746c8dc265f3d91bda36b",
            "PO": "6287817000001254388",
            "PO_Desc": "TBL-NMT-002-F24",
            "Original_Quantity": 72,
            "Final_Quantity": 72,
            "Dropped_Quantity": 0,
            "ofertaInicial": "6287817000001254238",
            "ofertaInicial_Desc": "TMB-GP-FW24",
            "Initial_XFD": "TBC",
            "Current_XFD": "TBC",
            "Product": "TB150059001",
            "Product_Description": "TBL 1973 Newman - MID LACE WATERPROOF BOOT",
            "Product_Color_Code": "150059",
            "Product_Color_Description": "TBL 1973 Newman Black",
            "Product_Gender": "MALE",
            "Product_Width": "M",
            "Product_Size": "10,5",
            "createdAt": "2024-09-15T20:42:48.356Z",
            "updatedAt": "2024-09-15T20:47:51.773Z",
            "__v": 0
        },
        {
            "_id": "66e746c8dc265f3d91bda36e",
            "PO": "6287817000001254388",
            "PO_Desc": "TBL-NMT-002-F24",
            "Original_Quantity": 72,
            "Final_Quantity": 72,
            "Dropped_Quantity": 0,
            "ofertaInicial": "6287817000001254238",
            "ofertaInicial_Desc": "TMB-GP-FW24",
            "Initial_XFD": "TBC",
            "Current_XFD": "TBC",
            "Product": "TB150059001",
            "Product_Description": "TBL 1973 Newman - MID LACE WATERPROOF BOOT",
            "Product_Color_Code": "150059",
            "Product_Color_Description": "TBL 1973 Newman Black",
            "Product_Gender": "MALE",
            "Product_Width": "M",
            "Product_Size": "11",
            "createdAt": "2024-09-15T20:42:48.657Z",
            "updatedAt": "2024-09-15T20:47:51.784Z",
            "__v": 0
        },
        {
            "_id": "66e746c8dc265f3d91bda371",
            "PO": "6287817000001254388",
            "PO_Desc": "TBL-NMT-002-F24",
            "Original_Quantity": 54,
            "Final_Quantity": 54,
            "Dropped_Quantity": 0,
            "ofertaInicial": "6287817000001254238",
            "ofertaInicial_Desc": "TMB-GP-FW24",
            "Initial_XFD": "TBC",
            "Current_XFD": "TBC",
            "Product": "TB150059001",
            "Product_Description": "TBL 1973 Newman - MID LACE WATERPROOF BOOT",
            "Product_Color_Code": "150059",
            "Product_Color_Description": "TBL 1973 Newman Black",
            "Product_Gender": "MALE",
            "Product_Width": "M",
            "Product_Size": "11,5",
            "createdAt": "2024-09-15T20:42:48.962Z",
            "updatedAt": "2024-09-15T20:47:51.793Z",
            "__v": 0
        },
        {
            "_id": "66e746c9dc265f3d91bda374",
            "PO": "6287817000001254388",
            "PO_Desc": "TBL-NMT-002-F24",
            "Original_Quantity": 54,
            "Final_Quantity": 54,
            "Dropped_Quantity": 0,
            "ofertaInicial": "6287817000001254238",
            "ofertaInicial_Desc": "TMB-GP-FW24",
            "Initial_XFD": "TBC",
            "Current_XFD": "TBC",
            "Product": "TB150059001",
            "Product_Description": "TBL 1973 Newman - MID LACE WATERPROOF BOOT",
            "Product_Color_Code": "150059",
            "Product_Color_Description": "TBL 1973 Newman Black",
            "Product_Gender": "MALE",
            "Product_Width": "M",
            "Product_Size": "12",
            "createdAt": "2024-09-15T20:42:49.645Z",
            "updatedAt": "2024-09-15T20:47:51.802Z",
            "__v": 0
        },
        {
            "_id": "66e746c9dc265f3d91bda377",
            "PO": "6287817000001254388",
            "PO_Desc": "TBL-NMT-002-F24",
            "Original_Quantity": 54,
            "Final_Quantity": 54,
            "Dropped_Quantity": 0,
            "ofertaInicial": "6287817000001254238",
            "ofertaInicial_Desc": "TMB-GP-FW24",
            "Initial_XFD": "TBC",
            "Current_XFD": "TBC",
            "Product": "TB150059001",
            "Product_Description": "TBL 1973 Newman - MID LACE WATERPROOF BOOT",
            "Product_Color_Code": "150059",
            "Product_Color_Description": "TBL 1973 Newman Black",
            "Product_Gender": "MALE",
            "Product_Width": "M",
            "Product_Size": "13",
            "createdAt": "2024-09-15T20:42:49.949Z",
            "updatedAt": "2024-09-15T20:47:51.806Z",
            "__v": 0
        },
        {
            "_id": "66e746cadc265f3d91bda37a",
            "PO": "6287817000001254388",
            "PO_Desc": "TBL-NMT-002-F24",
            "Original_Quantity": 54,
            "Final_Quantity": 54,
            "Dropped_Quantity": 0,
            "ofertaInicial": "6287817000001254238",
            "ofertaInicial_Desc": "TMB-GP-FW24",
            "Initial_XFD": "TBC",
            "Current_XFD": "TBC",
            "Product": "TB150061231",
            "Product_Description": "TBL 1973 Newman - MID LACE WATERPROOF BOOT",
            "Product_Color_Code": "150061",
            "Product_Color_Description": "TBL 1973 Newman Wheat",
            "Product_Gender": "MALE",
            "Product_Width": "M",
            "Product_Size": "7,5",
            "createdAt": "2024-09-15T20:42:50.252Z",
            "updatedAt": "2024-09-15T20:47:51.809Z",
            "__v": 0
        },
        {
            "_id": "66e746cadc265f3d91bda37d",
            "PO": "6287817000001254388",
            "PO_Desc": "TBL-NMT-002-F24",
            "Original_Quantity": 72,
            "Final_Quantity": 72,
            "Dropped_Quantity": 0,
            "ofertaInicial": "6287817000001254238",
            "ofertaInicial_Desc": "TMB-GP-FW24",
            "Initial_XFD": "TBC",
            "Current_XFD": "TBC",
            "Product": "TB150061231",
            "Product_Description": "TBL 1973 Newman - MID LACE WATERPROOF BOOT",
            "Product_Color_Code": "150061",
            "Product_Color_Description": "TBL 1973 Newman Wheat",
            "Product_Gender": "MALE",
            "Product_Width": "M",
            "Product_Size": "8",
            "createdAt": "2024-09-15T20:42:50.552Z",
            "updatedAt": "2024-09-15T20:47:51.812Z",
            "__v": 0
        },
        {
            "_id": "66e746cadc265f3d91bda380",
            "PO": "6287817000001254388",
            "PO_Desc": "TBL-NMT-002-F24",
            "Original_Quantity": 72,
            "Final_Quantity": 72,
            "Dropped_Quantity": 0,
            "ofertaInicial": "6287817000001254238",
            "ofertaInicial_Desc": "TMB-GP-FW24",
            "Initial_XFD": "TBC",
            "Current_XFD": "TBC",
            "Product": "TB150061231",
            "Product_Description": "TBL 1973 Newman - MID LACE WATERPROOF BOOT",
            "Product_Color_Code": "150061",
            "Product_Color_Description": "TBL 1973 Newman Wheat",
            "Product_Gender": "MALE",
            "Product_Width": "M",
            "Product_Size": "8,5",
            "createdAt": "2024-09-15T20:42:50.859Z",
            "updatedAt": "2024-09-15T20:47:51.815Z",
            "__v": 0
        },
        {
            "_id": "66e746cbdc265f3d91bda383",
            "PO": "6287817000001254388",
            "PO_Desc": "TBL-NMT-002-F24",
            "Original_Quantity": 72,
            "Final_Quantity": 72,
            "Dropped_Quantity": 0,
            "ofertaInicial": "6287817000001254238",
            "ofertaInicial_Desc": "TMB-GP-FW24",
            "Initial_XFD": "TBC",
            "Current_XFD": "TBC",
            "Product": "TB150061231",
            "Product_Description": "TBL 1973 Newman - MID LACE WATERPROOF BOOT",
            "Product_Color_Code": "150061",
            "Product_Color_Description": "TBL 1973 Newman Wheat",
            "Product_Gender": "MALE",
            "Product_Width": "M",
            "Product_Size": "9",
            "createdAt": "2024-09-15T20:42:51.158Z",
            "updatedAt": "2024-09-15T20:47:51.819Z",
            "__v": 0
        },
        {
            "_id": "66e746cbdc265f3d91bda386",
            "PO": "6287817000001254388",
            "PO_Desc": "TBL-NMT-002-F24",
            "Original_Quantity": 72,
            "Final_Quantity": 72,
            "Dropped_Quantity": 0,
            "ofertaInicial": "6287817000001254238",
            "ofertaInicial_Desc": "TMB-GP-FW24",
            "Initial_XFD": "TBC",
            "Current_XFD": "TBC",
            "Product": "TB150061231",
            "Product_Description": "TBL 1973 Newman - MID LACE WATERPROOF BOOT",
            "Product_Color_Code": "150061",
            "Product_Color_Description": "TBL 1973 Newman Wheat",
            "Product_Gender": "MALE",
            "Product_Width": "M",
            "Product_Size": "9,5",
            "createdAt": "2024-09-15T20:42:51.464Z",
            "updatedAt": "2024-09-15T20:47:51.822Z",
            "__v": 0
        },
        {
            "_id": "66e746cbdc265f3d91bda389",
            "PO": "6287817000001254388",
            "PO_Desc": "TBL-NMT-002-F24",
            "Original_Quantity": 72,
            "Final_Quantity": 72,
            "Dropped_Quantity": 0,
            "ofertaInicial": "6287817000001254238",
            "ofertaInicial_Desc": "TMB-GP-FW24",
            "Initial_XFD": "TBC",
            "Current_XFD": "TBC",
            "Product": "TB150061231",
            "Product_Description": "TBL 1973 Newman - MID LACE WATERPROOF BOOT",
            "Product_Color_Code": "150061",
            "Product_Color_Description": "TBL 1973 Newman Wheat",
            "Product_Gender": "MALE",
            "Product_Width": "M",
            "Product_Size": "10",
            "createdAt": "2024-09-15T20:42:51.774Z",
            "updatedAt": "2024-09-15T20:47:51.825Z",
            "__v": 0
        },
        {
            "_id": "66e746ccdc265f3d91bda38c",
            "PO": "6287817000001254388",
            "PO_Desc": "TBL-NMT-002-F24",
            "Original_Quantity": 72,
            "Final_Quantity": 72,
            "Dropped_Quantity": 0,
            "ofertaInicial": "6287817000001254238",
            "ofertaInicial_Desc": "TMB-GP-FW24",
            "Initial_XFD": "TBC",
            "Current_XFD": "TBC",
            "Product": "TB150061231",
            "Product_Description": "TBL 1973 Newman - MID LACE WATERPROOF BOOT",
            "Product_Color_Code": "150061",
            "Product_Color_Description": "TBL 1973 Newman Wheat",
            "Product_Gender": "MALE",
            "Product_Width": "M",
            "Product_Size": "10,5",
            "createdAt": "2024-09-15T20:42:52.078Z",
            "updatedAt": "2024-09-15T20:47:51.829Z",
            "__v": 0
        },
        {
            "_id": "66e746ccdc265f3d91bda38f",
            "PO": "6287817000001254388",
            "PO_Desc": "TBL-NMT-002-F24",
            "Original_Quantity": 72,
            "Final_Quantity": 72,
            "Dropped_Quantity": 0,
            "ofertaInicial": "6287817000001254238",
            "ofertaInicial_Desc": "TMB-GP-FW24",
            "Initial_XFD": "TBC",
            "Current_XFD": "TBC",
            "Product": "TB150061231",
            "Product_Description": "TBL 1973 Newman - MID LACE WATERPROOF BOOT",
            "Product_Color_Code": "150061",
            "Product_Color_Description": "TBL 1973 Newman Wheat",
            "Product_Gender": "MALE",
            "Product_Width": "M",
            "Product_Size": "11",
            "createdAt": "2024-09-15T20:42:52.379Z",
            "updatedAt": "2024-09-15T20:47:51.834Z",
            "__v": 0
        },
        {
            "_id": "66e746ccdc265f3d91bda392",
            "PO": "6287817000001254388",
            "PO_Desc": "TBL-NMT-002-F24",
            "Original_Quantity": 54,
            "Final_Quantity": 54,
            "Dropped_Quantity": 0,
            "ofertaInicial": "6287817000001254238",
            "ofertaInicial_Desc": "TMB-GP-FW24",
            "Initial_XFD": "TBC",
            "Current_XFD": "TBC",
            "Product": "TB150061231",
            "Product_Description": "TBL 1973 Newman - MID LACE WATERPROOF BOOT",
            "Product_Color_Code": "150061",
            "Product_Color_Description": "TBL 1973 Newman Wheat",
            "Product_Gender": "MALE",
            "Product_Width": "M",
            "Product_Size": "11,5",
            "createdAt": "2024-09-15T20:42:52.684Z",
            "updatedAt": "2024-09-15T20:47:51.838Z",
            "__v": 0
        },
        {
            "_id": "66e746cddc265f3d91bda395",
            "PO": "6287817000001254388",
            "PO_Desc": "TBL-NMT-002-F24",
            "Original_Quantity": 54,
            "Final_Quantity": 54,
            "Dropped_Quantity": 0,
            "ofertaInicial": "6287817000001254238",
            "ofertaInicial_Desc": "TMB-GP-FW24",
            "Initial_XFD": "TBC",
            "Current_XFD": "TBC",
            "Product": "TB150061231",
            "Product_Description": "TBL 1973 Newman - MID LACE WATERPROOF BOOT",
            "Product_Color_Code": "150061",
            "Product_Color_Description": "TBL 1973 Newman Wheat",
            "Product_Gender": "MALE",
            "Product_Width": "M",
            "Product_Size": "12",
            "createdAt": "2024-09-15T20:42:53.001Z",
            "updatedAt": "2024-09-15T20:47:51.842Z",
            "__v": 0
        },
        {
            "_id": "66e746cddc265f3d91bda398",
            "PO": "6287817000001254388",
            "PO_Desc": "TBL-NMT-002-F24",
            "Original_Quantity": 54,
            "Final_Quantity": 54,
            "Dropped_Quantity": 0,
            "ofertaInicial": "6287817000001254238",
            "ofertaInicial_Desc": "TMB-GP-FW24",
            "Initial_XFD": "TBC",
            "Current_XFD": "TBC",
            "Product": "TB150061231",
            "Product_Description": "TBL 1973 Newman - MID LACE WATERPROOF BOOT",
            "Product_Color_Code": "150061",
            "Product_Color_Description": "TBL 1973 Newman Wheat",
            "Product_Gender": "MALE",
            "Product_Width": "M",
            "Product_Size": "13",
            "createdAt": "2024-09-15T20:42:53.675Z",
            "updatedAt": "2024-09-15T20:47:51.845Z",
            "__v": 0
        }
    ]
}